﻿<?xml version="1.0" encoding="utf-8"?>
<root>
  <dir name="10.TraverseByXDoc">
    <file name="10.TraverseByXDoc.csproj" />
    <file name="10.TraverseByXDoc.csproj.user" />
    <file name="App.config" />
    <file name="directory.xml" />
    <file name="Program.cs" />
    <dir name="bin">
      <dir name="Debug">
        <file name="10.TraverseByXDoc.exe" />
        <file name="10.TraverseByXDoc.exe.config" />
        <file name="10.TraverseByXDoc.pdb" />
        <file name="10.TraverseByXDoc.vshost.exe" />
        <file name="10.TraverseByXDoc.vshost.exe.config" />
      </dir>
      <dir name="Release" />
    </dir>
    <dir name="obj">
      <dir name="Debug">
        <file name="10.TraverseByXDoc.csproj.FileListAbsolute.txt" />
        <file name="10.TraverseByXDoc.csprojResolveAssemblyReference.cache" />
        <file name="10.TraverseByXDoc.exe" />
        <file name="10.TraverseByXDoc.pdb" />
        <file name="DesignTimeResolveAssemblyReferencesInput.cache" />
        <file name="TemporaryGeneratedFile_036C0B5B-1481-4323-8D20-8F5ADCB23D92.cs" />
        <file name="TemporaryGeneratedFile_5937a670-0e60-4077-877b-f7221da3dda1.cs" />
        <file name="TemporaryGeneratedFile_E7A71F73-0F8D-4B9B-B56E-8E70B10BC5D3.cs" />
        <dir name="TempPE" />
      </dir>
    </dir>
    <dir name="Properties">
      <file name="AssemblyInfo.cs" />
    </dir>
  </dir>
</root>