﻿<?xml version="1.0" encoding="utf-8" ?>
<catalog>
  <albums>
    <album>
      <name>KILL 'EM ALL</name>
      <artist>Metallica</artist>
      <year>1983</year>
      <producer>Paul Curcio</producer>
      <price>11.98</price>
      <songs>
        <song>
          <title>Hit the Lights</title>
          <duration>2</duration>
        </song>
        <song>
          <title>The Four Horsemen</title>
          <duration>3</duration>
        </song>
        <song>
          <title>Motorbreath</title>
          <duration>2</duration>
        </song>
        <song>
          <title>Jump in the Fire</title>
          <duration>3</duration>
        </song>
        <song>
          <title>(Anesthesia) Pulling Teeth</title>
          <duration>2</duration>
        </song>
        <song>
          <title>Whiplash</title>
          <duration>3</duration>
        </song>
        <song>
          <title>Phantom Lord</title>
          <duration>2</duration>
        </song>
        <song>
          <title>No Remorse</title>
          <duration>3</duration>
        </song>
        <song>
          <title>Seek and Destroy</title>
          <duration>4</duration>
        </song>
        <song>
          <title>Metal Militia</title>
          <duration>2</duration>
        </song>
      </songs>
    </album>

    <album>
      <name>MASTER OF PUPPETS</name>
      <artist>Metallica</artist>
      <year>1986</year>
      <producer>Metallica with Flemming Rasmussen</producer>
      <price>21.98</price>
      <songs>
        <song>
          <title>Battery</title>
          <duration>2</duration>
        </song>
        <song>
          <title>Master of Puppets</title>
          <duration>3</duration>
        </song>
        <song>
          <title>The Thing That Should Not Be</title>
          <duration>2</duration>
        </song>
        <song>
          <title>Welcome Home (Sanitarium)</title>
          <duration>3</duration>
        </song>
        <song>
          <title> Disposable Heroes</title>
          <duration>2</duration>
        </song>
        <song>
          <title>Leper Messiah</title>
          <duration>3</duration>
        </song>
        <song>
          <title>Orion</title>
          <duration>2</duration>
        </song>
        <song>
          <title>Damage, Inc.</title>
          <duration>3</duration>
        </song>
      </songs>
    </album>

    <album>
      <name>Sin After Sin</name>
      <artist>Judas Priest</artist>
      <year>1977</year>
      <producer>Roger Glover and Judas Priest</producer>
      <price>11.98</price>
      <songs>
        <song>
          <title>Sinner</title>
          <duration>2</duration>
        </song>
        <song>
          <title>Diamonds And Rust</title>
          <duration>3</duration>
        </song>
        <song>
          <title>Starbreaker</title>
          <duration>2</duration>
        </song>
        <song>
          <title>Last Rose of Summer</title>
          <duration>3</duration>
        </song>
        <song>
          <title>Let Us Prey</title>
          <duration>2</duration>
        </song>
        <song>
          <title>Call For The Priest</title>
          <duration>3</duration>
        </song>
        <song>
          <title>Raw Deal</title>
          <duration>2</duration>
        </song>
        <song>
          <title>Here Come The Tears</title>
          <duration>3</duration>
        </song>
        <song>
          <title>Dissident Aggressor</title>
          <duration>4</duration>
        </song>
        <song>
          <title>Race With The Devil</title>
          <duration>2</duration>
        </song>
      </songs>
    </album>
  </albums>
</catalog>